time,latitude,longitude,depth,mag,magType,nst,gap,dmin,rms,net,id,updated,place,type,horizontalError,depthError,magError,magNst,status,locationSource,magSource
2020-01-05T02:40:42.780Z,37.4785004,-118.8125,6.54,2.09,md,26,118,0.1121,0.03,nc,nc73323781,2020-01-05T02:46:03.882Z,"15km SW of Toms Place, CA",earthquake,0.34,1.57,0.24,25,automatic,nc,nc
2020-01-05T02:36:53.500Z,36.6468315,-121.2689972,8.36,1.64,md,13,146,0.05136,0.06,nc,nc73323771,2020-01-05T02:46:03.380Z,"17km SSE of Tres Pinos, CA",earthquake,0.5,0.93,0.3,11,automatic,nc,nc
2020-01-05T02:32:05.800Z,35.7411667,-117.5413333,6.79,0.58,ml,12,140,0.08732,0.13,ci,ci39023871,2020-01-05T02:35:49.200Z,"13km WSW of Searles Valley, CA",earthquake,0.42,1.09,0.173,7,automatic,ci,ci
2020-01-05T02:20:39.486Z,62.9122,-150.4647,22.9,2.2,ml,,,,1.44,ak,ak0208azz2x,2020-01-05T02:23:58.127Z,"68km NNW of Talkeetna, Alaska",earthquake,,0.8,,,automatic,ak,ak
2020-01-05T02:10:21.550Z,22.7435,143.139,107.15,5.1,mww,,45,4.419,0.96,us,us70006uvz,2020-01-05T02:44:24.399Z,"291km SE of Iwo Jima, Japan",earthquake,7.4,6,0.078,16,reviewed,us,us
2020-01-05T02:00:29.810Z,33.0491667,-116.4265,3.52,0.86,ml,16,87,0.07832,0.27,ci,ci39023863,2020-01-05T02:04:14.868Z,"17km ESE of Julian, CA",earthquake,0.53,2.25,0.241,10,automatic,ci,ci
2020-01-05T01:58:17.610Z,60.7534,-151.5126,33.7,2.1,ml,,,,0.55,ak,ak0208ammy9,2020-01-05T02:10:14.641Z,"14km WNW of Nikiski, Alaska",earthquake,,0.5,,,automatic,ak,ak
2020-01-05T01:53:33.320Z,33.3306667,-116.4046667,7.14,0.71,ml,25,69,0.06317,0.2,ci,ci39023855,2020-01-05T01:57:22.612Z,"9km NNW of Borrego Springs, CA",earthquake,0.29,0.68,0.115,16,automatic,ci,ci
2020-01-05T01:49:16.569Z,65.3797,-153.4296,0,1.6,ml,,,,0.33,ak,ak0208akpfw,2020-01-05T02:03:11.565Z,"67km WNW of Tanana, Alaska",earthquake,,0.5,,,automatic,ak,ak
2020-01-05T01:31:32.510Z,34.0058333,-116.8018333,18.71,0.72,ml,16,75,0.02966,0.13,ci,ci39023847,2020-01-05T01:35:13.603Z,"10km N of Cabazon, CA",earthquake,0.33,0.65,0.108,16,automatic,ci,ci
2020-01-05T01:31:05.360Z,36.0408333,-117.8646667,2.17,1.05,ml,15,135,0.03906,0.13,ci,ci39023839,2020-01-05T01:34:42.949Z,"8km E of Coso Junction, CA",earthquake,0.26,0.26,0.177,17,automatic,ci,ci
2020-01-05T01:30:31.700Z,36.5426674,-89.6334991,8.81,2.18,md,19,54,0.09259,0.18,nm,nm60272642,2020-01-05T01:34:56.440Z,"5km SSW of Lilbourn, Missouri",earthquake,0.45,1.26,0.3,12,reviewed,nm,nm
2020-01-05T01:28:31.900Z,35.8268333,-117.6293333,8.74,2.15,ml,30,53,0.02813,0.15,ci,ci39023831,2020-01-05T01:39:26.120Z,"21km WNW of Searles Valley, CA",earthquake,0.21,0.51,0.189,24,automatic,ci,ci
2020-01-05T01:27:45.751Z,-20.513,-177.6658,519.66,4.6,mb,,113,4.895,0.71,us,us70006uvm,2020-01-05T01:46:35.040Z,"108km E of Ndoi Island, Fiji",earthquake,8.2,10.4,0.069,62,reviewed,us,us
2020-01-05T01:20:46.120Z,35.6666667,-117.4748333,8.29,1.25,ml,24,58,0.06846,0.2,ci,ci39023823,2020-01-05T01:31:20.460Z,"13km SSW of Searles Valley, CA",earthquake,0.35,0.8,0.138,16,automatic,ci,ci
2020-01-05T01:13:45.690Z,38.8246651,-122.8111649,2.34,0.56,md,10,65,0.001528,0.01,nc,nc73323756,2020-01-05T01:45:04.012Z,"7km NW of The Geysers, CA",earthquake,0.32,0.88,,1,automatic,nc,nc
2020-01-05T01:10:37.776Z,62.4191,-148.3853,20.1,1.6,ml,,,,0.38,ak,ak0208ace5d,2020-01-05T02:03:10.413Z,"73km NNE of Sutton-Alpine, Alaska",earthquake,,0.4,,,automatic,ak,ak
2020-01-05T00:55:52.010Z,35.9825,-117.4021667,1.35,2.63,ml,34,52,0.1328,0.17,ci,ci39023815,2020-01-05T01:07:12.400Z,"24km N of Searles Valley, CA",earthquake,0.23,0.61,0.143,25,automatic,ci,ci
2020-01-05T00:52:04.610Z,33.1025,-116.5053333,9.66,0.74,ml,22,62,0.08033,0.2,ci,ci39023807,2020-01-05T00:55:41.399Z,"9km ENE of Julian, CA",earthquake,0.41,0.99,0.109,11,automatic,ci,ci
2020-01-05T00:26:01.800Z,33.4818333,-116.4263333,16.72,0.51,ml,20,71,0.1318,0.17,ci,ci39023791,2020-01-05T00:29:48.533Z,"23km SSW of La Quinta, CA",earthquake,0.41,0.75,0.133,9,automatic,ci,ci
2020-01-05T00:23:17.290Z,35.6413333,-117.61,9.67,0.5,ml,15,98,0.03848,0.15,ci,ci39023775,2020-01-05T00:26:49.209Z,"6km ENE of Ridgecrest, CA",earthquake,0.46,0.83,0.04,6,automatic,ci,ci
2020-01-05T00:17:23.000Z,37.4535,-114.0247,11.6,1.5,ml,8,124.96,0.592,0.3,nn,nn00714633,2020-01-05T00:42:56.100Z,"30km WSW of Enterprise, Utah",earthquake,,2.8,,,automatic,nn,nn
2020-01-05T00:09:47.635Z,64.9746,-147.4258,0,1.5,ml,,,,1.17,ak,ak02089qrm8,2020-01-05T01:04:27.490Z,"20km NE of Fairbanks, Alaska",earthquake,,0.5,,,automatic,ak,ak
2020-01-05T00:04:53.010Z,35.7186667,-117.5086667,1.05,0.71,ml,12,144,0.1083,0.17,ci,ci39023759,2020-01-05T00:08:39.360Z,"11km WSW of Searles Valley, CA",earthquake,0.53,0.9,0.072,8,automatic,ci,ci
2020-01-04T23:59:52.460Z,33.2203333,-116.7511667,11.47,0.35,ml,15,88,0.08963,0.3,ci,ci39023751,2020-01-05T00:03:38.246Z,"3km SSE of Lake Henshaw, CA",earthquake,0.86,1.5,0.081,5,automatic,ci,ci
2020-01-04T23:59:05.020Z,35.8688333,-117.6836667,12.98,0.52,ml,9,86,0.0834,0.17,ci,ci39023735,2020-01-05T00:02:35.448Z,"22km ESE of Little Lake, CA",earthquake,0.69,1.13,0.085,5,automatic,ci,ci
2020-01-04T23:33:32.090Z,35.6238333,-117.572,14.06,0.91,ml,14,114,0.002959,0.3,ci,ci39023727,2020-01-04T23:36:58.916Z,"9km E of Ridgecrest, CA",earthquake,0.79,1.26,0.127,10,automatic,ci,ci
2020-01-04T23:32:24.550Z,19.1793327,-155.4223328,35.33,1.77,md,34,164,0.0445,0.12,hv,hv71318297,2020-01-04T23:35:48.440Z,"6km ESE of Pahala, Hawaii",earthquake,0.62,0.75,0.1,5,automatic,hv,hv
2020-01-04T23:22:58.166Z,58.0654,-153.3203,64.9,2.3,ml,,,,0.71,ak,ak0206zz75p,2020-01-05T00:03:11.385Z,"54km NW of Kodiak Station, Alaska",earthquake,,1,,,automatic,ak,ak
2020-01-04T23:14:36.740Z,35.8535,-117.668,4.21,0.99,ml,16,88,0.06856,0.16,ci,ci39023719,2020-01-04T23:18:19.834Z,"23km ESE of Little Lake, CA",earthquake,0.31,0.77,0.163,13,automatic,ci,ci
2020-01-04T23:13:01.995Z,65.0835,-146.728,14.1,1.1,ml,,,,0.28,ak,ak0206zx5cq,2020-01-05T00:03:10.808Z,"47km NE of North Pole, Alaska",earthquake,,0.8,,,automatic,ak,ak
2020-01-04T23:00:57.630Z,36.81772232,-98.49391174,2.438377857,1.79,ml,12,173.5693665,0.3033767641,0.2539784592,ok,ok2020ahgb,2020-01-04T23:04:24.418Z,"14km WNW of Cherokee, Oklahoma",earthquake,5.488790519,3.652520827,,9,automatic,ok,ok
2020-01-04T22:55:47.363Z,-8.6349,112.5608,81.15,4.7,mb,,41,1.582,0.96,us,us70006utn,2020-01-05T02:45:31.610Z,"30km SSW of Krajan Tambakrejo, Indonesia",earthquake,7.8,7.2,0.079,48,reviewed,us,us
2020-01-04T22:49:32.133Z,64.896,-162.2744,0,1.9,ml,,,,0.96,ak,ak0206zjhtw,2020-01-04T23:03:11.091Z,"134km NNW of Unalakleet, Alaska",earthquake,,0.7,,,automatic,ak,ak
2020-01-04T22:36:58.152Z,-28.6276,-176.9263,10,4.9,mb,,115,1.072,0.79,us,us70006utc,2020-01-04T22:55:43.040Z,"118km NE of Raoul Island, New Zealand",earthquake,7.7,1.9,0.112,25,reviewed,us,us
2020-01-04T22:36:10.530Z,35.868,-117.6715,9.28,0.77,ml,18,91,0.07958,0.11,ci,ci39023703,2020-01-04T22:39:53.539Z,"22km ESE of Little Lake, CA",earthquake,0.25,0.49,0.16,10,automatic,ci,ci
2020-01-04T22:21:23.520Z,35.9188333,-117.7366667,6,1.13,ml,17,50,0.07248,0.13,ci,ci39023679,2020-01-04T22:24:52.459Z,"15km E of Little Lake, CA",earthquake,0.23,0.64,0.138,15,automatic,ci,ci
2020-01-04T22:11:29.119Z,37.9218,26.3675,10,4.2,mb,,37,1.816,0.97,us,us70006usw,2020-01-04T23:31:42.825Z,"33km WNW of Neon Karlovasion, Greece",earthquake,2.7,1.9,0.215,6,reviewed,us,us
2020-01-04T22:10:29.446Z,-35.059,-71.1128,102.78,4.4,mb,,81,0.38,0.54,us,us70006usv,2020-01-04T22:27:36.040Z,"13km SE of Curico, Chile",earthquake,5.4,4.3,0.179,9,reviewed,us,us
2020-01-04T22:06:45.550Z,49.491,-120.554666666667,-0.37,2.33,ml,9,249,,0.35,uw,uw61565916,2020-01-05T01:11:22.270Z,"4km NW of Princeton, Canada",explosion,2.61,31.61,0.138413824795989,6,reviewed,uw,uw
2020-01-04T22:03:16.157Z,63.4456,-147.9691,15.4,1.7,ml,,,,1.06,ak,ak0206z9lka,2020-01-04T23:03:10.510Z,"49km E of Cantwell, Alaska",earthquake,,0.4,,,automatic,ak,ak
2020-01-04T21:59:22.920Z,36.5545006,-89.6415024,9.68,2.69,md,29,42,0.1049,0.3,nm,nm60272612,2020-01-05T00:34:21.443Z,"6km SW of Lilbourn, Missouri",earthquake,0.47,1.57,0.48,24,reviewed,nm,nm
2020-01-04T21:54:44.710Z,35.697,-117.524,6.95,1.62,ml,26,56,0.08333,0.16,ci,ci39023663,2020-01-04T21:58:31.295Z,"13km SW of Searles Valley, CA",earthquake,0.28,0.69,0.163,26,automatic,ci,ci
2020-01-04T21:42:24.930Z,17.911,-66.816,7,2.53,md,14,214,0.09,0.09,pr,pr2020004011,2020-01-04T22:08:06.229Z,"9km S of Indios, Puerto Rico",earthquake,0.63,0.34,0.37,12,reviewed,pr,pr
2020-01-04T21:34:36.150Z,35.906,-117.7183333,2.78,0.14,ml,7,97,0.06921,0.13,ci,ci39023647,2020-01-04T21:38:08.178Z,"17km ESE of Little Lake, CA",earthquake,0.29,0.5,0.119,3,automatic,ci,ci
2020-01-04T21:29:17.672Z,60.6478,-142.7437,12.9,1.5,ml,,,,0.88,ak,ak0206ytqos,2020-01-04T22:03:10.733Z,"67km NNW of Cape Yakataga, Alaska",earthquake,,0.2,,,automatic,ak,ak
2020-01-04T21:19:12.490Z,35.671,-117.4983333,4.68,0.96,ml,16,77,0.07137,0.17,ci,ci39023639,2020-01-04T21:22:56.082Z,"14km SW of Searles Valley, CA",earthquake,0.35,0.81,0.047,11,automatic,ci,ci
2020-01-04T21:08:55.610Z,36.8335,-117.4637,2.7,1.4,ml,26,104.87,0.182,0.32,nn,nn00714631,2020-01-04T21:56:22.981Z,"59km ENE of Lone Pine, California",earthquake,,1.6,,,automatic,nn,nn
2020-01-04T21:05:54.590Z,38.8274994,-122.8106689,1.37,0.86,md,19,55,0.004125,0.02,nc,nc73323716,2020-01-04T22:22:02.775Z,"7km NW of The Geysers, CA",earthquake,0.19,0.37,0.21,4,automatic,nc,nc
2020-01-04T21:05:44.870Z,38.7808342,-122.7236633,1.5,0.16,md,7,90,0.01049,0.01,nc,nc73323711,2020-01-04T21:55:03.625Z,"3km WNW of Anderson Springs, CA",earthquake,0.46,0.76,0.07,2,automatic,nc,nc
2020-01-04T21:00:58.510Z,35.7980003,-117.6138306,5.31,1.22,ml,14,194,0.02212,0.11,ci,ci39023623,2020-01-04T21:04:43.966Z,"19km W of Searles Valley, CA",earthquake,0.72,0.89,0.184,6,automatic,ci,ci
2020-01-04T20:53:28.540Z,35.8956667,-117.6801667,3,0.29,ml,8,82,0.05746,0.07,ci,ci39023607,2020-01-04T20:57:16.128Z,"21km ESE of Little Lake, CA",earthquake,0.31,0.48,0.049,4,automatic,ci,ci
2020-01-04T20:49:44.582Z,61.6693,-151.6973,75.9,2,ml,,,,0.87,ak,ak0206ycnms,2020-01-04T21:03:11.063Z,"88km W of Willow, Alaska",earthquake,,0.6,,,automatic,ak,ak
2020-01-04T20:45:04.320Z,33.0541667,-116.4423333,12.29,0.86,ml,10,208,0.2144,0.31,ci,ci39023599,2020-01-04T20:48:47.862Z,"15km E of Julian, CA",earthquake,2.12,3.19,0.128,8,automatic,ci,ci
2020-01-04T20:40:58.850Z,33.5005,-116.7906667,6.12,1.1,ml,45,35,0.01434,0.2,ci,ci39023591,2020-01-04T20:44:41.334Z,"9km NE of Aguanga, CA",earthquake,0.2,0.57,0.147,27,automatic,ci,ci
2020-01-04T20:22:26.482Z,36.4058342,-98.14138794,4.510947704,1.26,ml,6,158.4411201,0.08146053553,0.06132127857,ok,ok2020ahav,2020-01-04T20:23:26.926Z,"19km SE of Helena, Oklahoma",earthquake,5.446066358,3.689863869,,4,automatic,ok,ok
2020-01-04T20:14:28.107Z,63.5636,-147.3826,11.2,1.4,ml,,,,0.67,ak,ak0206y549p,2020-01-04T21:03:10.475Z,"80km ENE of Cantwell, Alaska",earthquake,,0.4,,,automatic,ak,ak
2020-01-04T20:01:38.940Z,33.5924988,-116.8093338,6.56,0.57,ml,20,73,0.04929,0.09,ci,ci39023575,2020-01-04T20:05:19.080Z,"13km WNW of Anza, CA",earthquake,0.38,0.69,0.113,6,automatic,ci,ci
2020-01-04T20:01:30.150Z,38.7729988,-122.7350006,1.64,0.54,md,7,95,0.01031,0.05,nc,nc73323696,2020-01-04T20:34:03.140Z,"2km ESE of The Geysers, CA",earthquake,0.47,0.69,0.04,2,automatic,nc,nc
2020-01-04T20:00:56.548Z,-0.9727,23.7422,10,4.5,mb,,67,7.005,0.95,us,us70006urc,2020-01-04T20:19:36.040Z,"211km SSW of Yangambi, Democratic Republic of the Congo",earthquake,7.2,1.9,0.097,32,reviewed,us,us
2020-01-04T19:19:14.441Z,37.7986,-114.2981,7.7,0.8,ml,5,108.58,0.213,0.2482,nn,nn00714641,2020-01-05T02:19:00.800Z,"19km SE of Pioche, Nevada",earthquake,,3.9,0.33,2,reviewed,nn,nn
2020-01-04T19:01:43.470Z,59.9935,-153.3685,143.6,2.6,ml,,,,0.72,ak,ak0206xgxkz,2020-01-04T20:03:16.762Z,"64km SSW of Redoubt Volcano, Alaska",earthquake,,0.3,,,automatic,ak,ak
2020-01-04T19:01:32.780Z,35.9831667,-117.3223333,0.93,1.02,ml,18,78,0.09732,0.18,ci,ci39023543,2020-01-04T19:05:09.868Z,"25km NNE of Trona, CA",earthquake,0.44,0.65,0.071,11,automatic,ci,ci
2020-01-04T18:58:28.900Z,35.7286667,-117.5395,2.65,1.24,ml,21,71,0.09887,0.19,ci,ci39023535,2020-01-04T19:02:10.674Z,"13km WSW of Searles Valley, CA",earthquake,0.37,0.59,0.169,17,automatic,ci,ci
2020-01-04T18:56:42.450Z,35.6136667,-117.4508333,8.16,0.67,ml,12,120,0.02865,0.19,ci,ci39023519,2020-01-04T19:00:25.665Z,"18km SSW of Searles Valley, CA",earthquake,0.6,0.61,0.087,7,automatic,ci,ci
2020-01-04T18:51:42.380Z,35.8323333,-117.6395,8.83,0.87,ml,16,105,0.03793,0.14,ci,ci39023511,2020-01-04T18:55:19.638Z,"22km WNW of Searles Valley, CA",earthquake,0.36,0.56,0.297,8,automatic,ci,ci
2020-01-04T18:38:20.684Z,34.96904373,-97.69104004,3.949620962,2.09,ml,22,59.88839722,0.09280565381,0.729423681,ok,ok2020agxk,2020-01-04T18:41:02.696Z,"16km NNW of Lindsay, Oklahoma",earthquake,2.547061135,1.873293149,,18,automatic,ok,ok
2020-01-04T18:27:59.874Z,38.408,-118.8928,19.3,0.8,ml,5,295.55,0.342,0.0532,nn,nn00714642,2020-01-05T02:19:01.388Z,"26km WSW of Hawthorne, Nevada",earthquake,,8.5,0.35,3,reviewed,nn,nn
2020-01-04T18:23:33.249Z,31.1559,-103.2311,1.25,2.9,ml,,51,0.248,0.2,us,us70006uqn,2020-01-04T20:45:06.040Z,"38km SE of Pecos, Texas",earthquake,0.9,2.2,0.081,104,reviewed,us,us
2020-01-04T18:18:06.380Z,38.7996674,-122.8153305,2.57,0.32,md,13,80,0.01419,0.04,nc,nc73323686,2020-01-04T18:49:02.519Z,"6km WNW of The Geysers, CA",earthquake,0.32,0.74,0.24,2,automatic,nc,nc
2020-01-04T18:15:45.757Z,59.7231,-151.9074,54.2,2.6,ml,,,,0.6,ak,ak0206wyi5a,2020-01-04T19:03:10.684Z,"7km SW of Anchor Point, Alaska",earthquake,,0.6,,,automatic,ak,ak
2020-01-04T18:09:06.865Z,66.4239,-156.9932,5.2,1.6,ml,,,,1.35,ak,ak0206wx4yh,2020-01-04T19:03:11.266Z,"54km S of Kobuk, Alaska",earthquake,,0.4,,,automatic,ak,ak
2020-01-04T18:06:48.080Z,33.6053333,-117.2183333,13.32,0.84,ml,15,169,0.2589,0.27,ci,ci39023503,2020-01-04T18:10:50.425Z,"6km N of Murrieta, CA",earthquake,1.3,3.94,0.347,14,automatic,ci,ci
2020-01-04T18:06:47.370Z,33.2216667,-116.7405,9.95,0.99,ml,33,38,0.02093,0.16,ci,ci39023495,2020-01-04T18:10:34.778Z,"3km SE of Lake Henshaw, CA",earthquake,0.25,0.47,0.182,28,automatic,ci,ci
2020-01-04T17:53:51.765Z,62.6186,-151.2145,84.9,1.6,ml,,,,0.57,ak,ak0206wl82e,2020-01-04T18:03:12.100Z,"65km WNW of Talkeetna, Alaska",earthquake,,1.3,,,automatic,ak,ak
2020-01-04T17:42:31.185Z,60.5642,-142.7462,4.4,2.4,ml,,,,0.79,ak,ak0206witqu,2020-01-04T18:03:11.504Z,"58km NNW of Cape Yakataga, Alaska",earthquake,,0.2,,,automatic,ak,ak
2020-01-04T17:33:12.474Z,63.544,-147.09,0,1.4,ml,,,,0.44,ak,ak0206wguug,2020-01-04T18:03:10.939Z,"86km SW of Delta Junction, Alaska",earthquake,,0.5,,,automatic,ak,ak
2020-01-04T17:31:01.240Z,19.1940002,-155.4208374,32.87,1.85,md,37,162,0.04857,0.11,hv,hv71317867,2020-01-04T17:34:09.380Z,"6km ESE of Pahala, Hawaii",earthquake,0.64,0.92,0.09,8,automatic,hv,hv
2020-01-04T17:20:51.537Z,62.1922,-149.0028,36,1.7,ml,,,,0.36,ak,ak0206we5jw,2020-01-04T18:03:10.328Z,"44km N of Sutton-Alpine, Alaska",earthquake,,3.1,,,automatic,ak,ak
2020-01-04T17:06:35.419Z,36.41563034,-98.13291168,2.259961605,2.38,ml,61,64.4013586,0.1498190016,0.5799599125,ok,ok2020aguj,2020-01-04T17:09:08.607Z,"18km SE of Helena, Oklahoma",earthquake,1.553650137,1.337247654,,46,automatic,ok,ok
2020-01-04T17:02:33.068Z,40.0253,-120.8092,6.6,1.4,ml,6,177.39,0.062,0.2145,nn,nn00714643,2020-01-05T02:25:13.265Z,"12km NE of East Quincy, California",earthquake,,2.3,0,1,reviewed,nn,nn
2020-01-04T16:57:01.410Z,17.9268,-66.8201,8,2.25,md,12,221,0.0763,0.17,pr,pr2020004010,2020-01-04T17:22:49.309Z,"7km S of Indios, Puerto Rico",earthquake,0.52,0.58,0.19,11,reviewed,pr,pr
2020-01-04T16:51:11.850Z,36.6455002,-121.2561646,4.57,2.01,md,25,135,0.05839,0.07,nc,nc73323671,2020-01-04T17:33:04.095Z,"16km NW of Pinnacles, CA",earthquake,0.27,0.96,0.23,23,automatic,nc,nc
2020-01-04T16:48:25.160Z,33.9251667,-116.5135,8.77,0.95,ml,10,173,0.2532,0.26,ci,ci39023463,2020-01-04T16:52:09.179Z,"4km NE of Garnet, CA",earthquake,1.75,31.61,0.18,6,automatic,ci,ci
2020-01-04T16:46:26.271Z,35.02117157,-97.73345184,3.73050642,1.91,ml,14,75.46603394,0.1246108711,0.9855957338,ok,ok2020agts,2020-01-04T16:49:08.865Z,"14km SSW of Blanchard, Oklahoma",earthquake,3.667525059,2.54295937,,10,automatic,ok,ok
2020-01-04T16:42:17.570Z,34.4148333,-119.5475,9.67,1.54,ml,21,154,0.03049,0.31,ci,ci39023455,2020-01-04T16:46:08.453Z,"3km WNW of Carpinteria, CA",earthquake,0.74,1.21,0.166,22,automatic,ci,ci
2020-01-04T16:19:52.500Z,35.697,-117.5271667,6.16,0.69,ml,14,132,0.08223,0.18,ci,ci39023439,2020-01-04T16:23:43.828Z,"14km SW of Searles Valley, CA",earthquake,0.5,1.47,0.106,8,automatic,ci,ci
2020-01-04T16:19:51.054Z,61.9086,-151.202,81.1,2.2,ml,,,,0.73,ak,ak0206vsi7n,2020-01-04T17:03:10.545Z,"63km WNW of Willow, Alaska",earthquake,,0.5,,,automatic,ak,ak
2020-01-04T16:11:39.335Z,59.7988,-151.4221,40.8,2.1,ml,,,,0.8,ak,ak0206vqrk0,2020-01-04T17:03:09.959Z,"9km NW of Fritz Creek, Alaska",earthquake,,1.2,,,automatic,ak,ak
2020-01-04T15:58:11.686Z,62.8995,-148.2523,59.7,1.7,ml,,,,0.84,ak,ak0206vfch7,2020-01-04T16:10:24.727Z,"65km SSE of Cantwell, Alaska",earthquake,,0.4,,,automatic,ak,ak
2020-01-04T15:54:12.450Z,35.7095,-117.5913333,9.7,0.96,ml,14,117,0.08913,0.12,ci,ci39023423,2020-01-04T15:57:56.132Z,"12km NE of Ridgecrest, CA",earthquake,0.31,0.65,0.129,9,automatic,ci,ci
2020-01-04T15:37:58.146Z,60.0426,-139.1866,5,3.4,ml,,,,0.65,ak,ak0206vaxyu,2020-01-04T20:06:38.557Z,"64km NNE of Yakutat, Alaska",earthquake,,0,,,reviewed,ak,ak
2020-01-04T15:35:49.177Z,62.0421,-151.9916,96.5,1.9,ml,,,,0.56,ak,ak0206vahwc,2020-01-04T16:03:11.634Z,"102km WSW of Talkeetna, Alaska",earthquake,,0.7,,,automatic,ak,ak
2020-01-04T15:32:25.622Z,60.2472,-151.152,56.9,1.8,ml,,,,0.22,ak,ak0206v9sxt,2020-01-04T16:03:11.030Z,"15km SSE of Cohoe, Alaska",earthquake,,1.3,,,automatic,ak,ak
2020-01-04T15:26:16.846Z,65.003,-148.7822,9.6,1.4,ml,,,,0.52,ak,ak0206v8hz2,2020-01-04T16:03:10.458Z,"40km WNW of Ester, Alaska",earthquake,,0.3,,,automatic,ak,ak
2020-01-04T15:20:41.206Z,60.6763,-142.8346,13,0.6,ml,,,,0.5,ak,ak0206v78n9,2020-01-04T20:03:15.831Z,"71km NNW of Cape Yakataga, Alaska",earthquake,,0.3,,,reviewed,ak,ak
2020-01-04T15:19:28.220Z,33.4873333,-116.7898333,5.98,1.62,ml,62,23,0.02647,0.19,ci,ci39023407,2020-01-04T15:30:26.050Z,"9km NE of Aguanga, CA",earthquake,0.16,0.54,0.131,27,automatic,ci,ci
2020-01-04T15:17:45.080Z,35.3765,-118.4686667,1.82,1.32,ml,14,74,0.09359,0.16,ci,ci39023399,2020-01-04T15:21:25.893Z,"24km S of Bodfish, CA",earthquake,0.37,0.62,0.21,12,automatic,ci,ci
2020-01-04T15:13:13.490Z,35.717,-117.579,6.94,0.42,ml,12,122,0.0951,0.16,ci,ci39023391,2020-01-04T15:16:48.946Z,"14km NE of Ridgecrest, CA",earthquake,0.45,1.04,0.102,7,automatic,ci,ci
2020-01-04T15:10:24.590Z,38.7983322,-122.8115005,3.93,0.36,md,8,77,0.01197,0.02,nc,nc73323656,2020-01-04T16:55:03.860Z,"5km WNW of The Geysers, CA",earthquake,0.44,1.38,0.23,2,automatic,nc,nc
2020-01-04T14:57:29.300Z,17.8745,-66.804,4,2.55,md,14,224,0.1256,0.12,pr,pr2020004009,2020-01-04T23:00:10.790Z,"13km S of Indios, Puerto Rico",earthquake,0.64,0.39,0.24,14,reviewed,pr,pr
2020-01-04T14:40:16.830Z,35.7738333,-117.5993333,4.16,2.45,ml,32,59,0.04184,0.2,ci,ci39023383,2020-01-04T14:51:14.190Z,"18km W of Searles Valley, CA",earthquake,0.25,0.62,0.128,25,automatic,ci,ci
2020-01-04T14:39:17.137Z,39.7768,-120.1044,8.7,0.8,ml,6,117.18,0.155,0.065,nn,nn00714644,2020-01-05T02:28:18.845Z,"15km NW of Cold Springs, Nevada",earthquake,,3.3,0.23,3,reviewed,nn,nn
2020-01-04T14:24:19.213Z,61.3819,-150.4877,19,1.3,ml,,,,0.62,ak,ak0206umn41,2020-01-04T15:03:11.170Z,"32km WSW of Big Lake, Alaska",earthquake,,0.2,,,automatic,ak,ak
2020-01-04T14:14:11.740Z,35.6443333,-117.4626667,2.64,1.07,ml,12,80,0.05088,0.15,ci,ci39023375,2020-01-04T14:17:52.511Z,"15km SSW of Searles Valley, CA",earthquake,0.51,0.61,0.11,13,automatic,ci,ci
2020-01-04T14:09:19.680Z,38.8404999,-122.8249969,1.98,0.89,md,9,108,0.008412,0.01,nc,nc73323641,2020-01-04T16:13:03.633Z,"9km WNW of Cobb, CA",earthquake,0.35,1.01,,1,automatic,nc,nc
2020-01-04T14:02:01.406Z,63.3909,-145.9457,11.5,1.2,ml,,,,0.55,ak,ak0206uhvya,2020-01-04T15:03:10.609Z,"64km SW of Deltana, Alaska",earthquake,,0.3,,,automatic,ak,ak
2020-01-04T14:01:04.254Z,61.1209,-148.4322,15,1.6,ml,,,,0.81,ak,ak0206uhohg,2020-01-04T20:03:15.156Z,"41km NNE of Whittier, Alaska",ice quake,,0.4,,,automatic,ak,ak
2020-01-04T14:00:46.090Z,33.3666667,-116.2641667,10.37,0.56,ml,17,169,0.03826,0.23,ci,ci39023367,2020-01-04T14:04:32.427Z,"16km NE of Borrego Springs, CA",earthquake,0.55,0.74,0.11,10,automatic,ci,ci
2020-01-04T13:57:43.490Z,33.2213333,-116.7218333,11.48,0.4,ml,17,89,0.03422,0.13,ci,ci39023359,2020-01-04T14:01:25.889Z,"4km ESE of Lake Henshaw, CA",earthquake,0.33,0.41,0.079,4,automatic,ci,ci
2020-01-04T13:53:14.420Z,35.534,-84.7261667,15.93,2.52,md,21,43,0.1865,0.14,se,se60272552,2020-01-04T16:27:08.040Z,"6km ENE of Decatur, Tennessee",earthquake,0.31,0.82,0.209,21,reviewed,se,se
2020-01-04T13:52:56.583Z,6.793,-73.0052,162.32,4.7,mb,,96,2.336,0.77,us,us70006upb,2020-01-04T16:43:31.040Z,"11km N of Aratoca, Colombia",earthquake,10.2,9.5,0.03,332,reviewed,us,us
2020-01-04T13:48:32.430Z,35.7866667,-117.591,11.07,0.83,ml,12,131,0.02949,0.16,ci,ci39023351,2020-01-04T13:52:07.827Z,"17km W of Searles Valley, CA",earthquake,0.49,0.67,0.136,9,automatic,ci,ci
2020-01-04T13:31:54.380Z,33.1131668,-116.4383316,8.12,1.09,ml,30,57,0.1429,0.23,ci,ci39023343,2020-01-04T13:35:35.714Z,"16km ENE of Julian, CA",earthquake,0.41,2.18,0.145,2,automatic,ci,ci
2020-01-04T13:30:53.966Z,61.5651,-149.8851,33.6,2.5,ml,,,,0.51,ak,ak0206u2kh3,2020-01-04T21:10:26.380Z,"6km NE of Big Lake, Alaska",earthquake,,0.3,,,automatic,ak,ak
2020-01-04T13:29:42.770Z,33.589,-116.81,4.57,0.42,ml,22,63,0.0386,0.17,ci,ci39023335,2020-01-04T13:33:27.561Z,"13km WNW of Anza, CA",earthquake,0.28,0.44,0.184,13,automatic,ci,ci
2020-01-04T13:29:41.940Z,19.1818333,-155.4466705,35.82,2.18,md,52,140,0.03007,0.13,hv,hv71317722,2020-01-04T13:33:03.910Z,"4km SE of Pahala, Hawaii",earthquake,0.58,0.68,0.13,18,automatic,hv,hv
2020-01-04T13:28:46.850Z,33.5,-116.7851667,6.62,0.38,ml,19,81,0.07651,0.15,ci,ci39023327,2020-01-04T13:32:14.695Z,"10km NE of Aguanga, CA",earthquake,0.25,0.79,0.121,13,automatic,ci,ci
2020-01-04T13:26:40.890Z,37.0198,-117.5322,0.8,0.6,ml,10,187.5,0.135,0.38,nn,nn00714623,2020-01-04T14:41:17.544Z,"65km NE of Lone Pine, California",earthquake,,24.1,,,automatic,nn,nn
2020-01-04T13:26:06.043Z,31.6298,-109.0939,5,2.8,ml,,98,0.299,1.09,us,us70006up2,2020-01-04T16:16:58.040Z,"53km NE of Douglas, Arizona",earthquake,3.9,2,0.066,30,reviewed,us,us
2020-01-04T13:22:53.380Z,35.6706667,-117.4855,2.37,0.84,ml,14,135,0.07113,0.17,ci,ci39023319,2020-01-04T13:26:27.653Z,"13km SW of Searles Valley, CA",earthquake,0.42,0.55,0.111,8,automatic,ci,ci
2020-01-04T13:15:58.200Z,32.9586667,-116.3993333,11.63,0.93,ml,21,65,0.08077,0.22,ci,ci39023311,2020-01-04T13:19:40.082Z,"20km NE of Pine Valley, CA",earthquake,0.37,1.02,0.24,11,automatic,ci,ci
2020-01-04T13:12:53.166Z,61.5304,-149.9039,38.9,1.4,ml,,,,0.7,ak,ak0206typj8,2020-01-04T14:03:10.435Z,"2km ENE of Big Lake, Alaska",earthquake,,1.1,,,automatic,ak,ak
2020-01-04T13:11:07.560Z,35.8115,-117.6393333,2.97,1.17,ml,16,63,0.03426,0.16,ci,ci39023303,2020-01-04T13:14:53.057Z,"21km N of Ridgecrest, CA",earthquake,0.3,0.5,0.12,15,automatic,ci,ci
2020-01-04T13:06:30.210Z,35.9153333,-117.7371667,9.98,0.81,ml,9,112,0.07366,0.06,ci,ci39023295,2020-01-04T13:10:00.653Z,"15km E of Little Lake, CA",earthquake,0.57,0.76,0.097,5,automatic,ci,ci
2020-01-04T13:03:59.050Z,35.8255,-117.6515,8.28,0.62,ml,9,110,0.04495,0.14,ci,ci39023287,2020-01-04T13:07:30.725Z,"23km N of Ridgecrest, CA",earthquake,0.66,1.15,0.257,5,automatic,ci,ci
2020-01-04T12:55:00.480Z,36.9468346,-121.4358368,2.51,1.46,md,11,115,0.04448,0.18,nc,nc73323631,2020-01-04T15:20:03.330Z,"12km NNW of Hollister, CA",earthquake,0.73,3.82,0.18,10,automatic,nc,nc
2020-01-04T12:39:06.013Z,61.3968,-150.0837,38,1.5,ml,,,,0.34,ak,ak0206tiymh,2020-01-04T13:03:11.821Z,"15km SSW of Big Lake, Alaska",earthquake,,0.8,,,automatic,ak,ak
2020-01-04T12:34:06.770Z,46.8885,-112.5168333,15.7,1.28,ml,7,116,0.117,0.03,mb,mb80377119,2020-01-04T15:17:44.550Z,"14km ESE of Lincoln, Montana",earthquake,0.36,0.72,0.014,2,reviewed,mb,mb
2020-01-04T12:28:19.000Z,38.8364983,-122.8085022,1.93,0.56,md,11,79,0.01314,0.01,nc,nc73323626,2020-01-04T14:50:03.124Z,"8km WNW of Cobb, CA",earthquake,0.3,1,,1,automatic,nc,nc
2020-01-04T12:28:04.761Z,59.9026,-152.7415,99.3,2.1,ml,,,,0.49,ak,ak0206tglmu,2020-01-04T13:03:11.240Z,"52km WNW of Anchor Point, Alaska",earthquake,,0.5,,,automatic,ak,ak
2020-01-04T12:10:22.980Z,19.7095,-64.4923,48,3.04,md,13,334,2.0729,0.47,pr,pr2020004008,2020-01-04T12:45:04.040Z,"123km N of Road Town, British Virgin Islands",earthquake,4.87,28.95,0.17,12,reviewed,pr,pr
2020-01-04T12:06:22.510Z,63.1402,-150.6815,122.6,1.9,ml,,,,0.29,ak,ak0206tbx9i,2020-01-04T13:03:10.644Z,"91km WSW of Cantwell, Alaska",earthquake,,0.9,,,automatic,ak,ak
2020-01-04T12:05:00.880Z,63.7533,-150.4034,0,1.5,ml,,,,0.5,ak,ak0206tbnvv,2020-01-04T13:03:10.026Z,"71km W of Healy, Alaska",earthquake,,0.4,,,automatic,ak,ak
2020-01-04T11:53:41.905Z,64.6144,-149.4446,20.2,0.5,ml,,,,0.8,ak,ak0206t0kv2,2020-01-04T20:03:14.168Z,"16km WNW of North Nenana, Alaska",earthquake,,0.3,,,reviewed,ak,ak
2020-01-04T11:45:34.581Z,61.2711,-147.301,22.5,1.7,ml,,,,0.81,ak,ak0206syvk9,2020-01-04T12:03:10.879Z,"53km WNW of Valdez, Alaska",earthquake,,0.4,,,automatic,ak,ak
2020-01-04T11:40:34.060Z,33.9085,-117.7745,2.07,1.32,ml,31,108,0.08071,0.23,ci,ci39023271,2020-01-04T11:51:22.500Z,"4km ENE of Yorba Linda, CA",earthquake,0.34,0.52,0.173,29,automatic,ci,ci
2020-01-04T11:36:05.410Z,19.2185001,-155.4214935,32.54,2.08,md,52,141,0.02952,0.13,hv,hv71317652,2020-01-04T11:39:28.070Z,"6km ENE of Pahala, Hawaii",earthquake,0.65,0.75,0.2,19,automatic,hv,hv
2020-01-04T11:30:17.640Z,37.6184998,-118.8303299,3.64,1.45,md,14,167,0.01252,0.04,nc,nc73323621,2020-01-04T14:23:02.950Z,"13km E of Mammoth Lakes, CA",earthquake,0.83,0.62,0.17,12,automatic,nc,nc
2020-01-04T11:27:05.100Z,33.9731674,-116.7596664,18.65,1.73,ml,71,27,0.06265,0.18,ci,ci39023263,2020-01-04T11:37:59.850Z,"7km NNE of Cabazon, CA",earthquake,0.19,0.35,0.246,26,automatic,ci,ci
2020-01-04T11:20:48.730Z,37.6211662,-118.8333359,2.84,0.81,md,7,159,0.009262,0.02,nc,nc73323611,2020-01-04T13:29:02.536Z,"13km E of Mammoth Lakes, CA",earthquake,0.51,1.1,0.26,9,automatic,nc,nc
2020-01-04T11:17:34.850Z,17.8975,-66.8273,6,2.28,md,13,231,0.0934,0.12,pr,pr2020004006,2020-01-04T11:53:25.942Z,"10km S of Indios, Puerto Rico",earthquake,0.71,0.41,0.41,13,reviewed,pr,pr
2020-01-04T11:10:54.272Z,54.8388,-162.3154,83.78,3.6,mb,,157,0.637,0.75,us,us70006umx,2020-01-04T11:26:26.040Z,"46km SE of Cold Bay, Alaska",earthquake,6.2,10.6,0.203,7,reviewed,us,us
2020-01-04T11:05:47.898Z,63.4464,-145.9554,0.2,1.7,ml,,,,0.82,ak,ak0206sqbww,2020-01-04T12:03:10.297Z,"59km SW of Deltana, Alaska",earthquake,,0.2,,,automatic,ak,ak
2020-01-04T10:57:01.429Z,37.5064,-117.1576,0,0.6,ml,7,211.68,0.222,0.2571,nn,nn00714649,2020-01-05T02:46:52.333Z,"23km SSE of Goldfield, Nevada",earthquake,,0,0.06,2,reviewed,nn,nn
2020-01-04T10:45:04.490Z,35.901,-117.7538333,4.04,1.86,ml,27,41,0.07084,0.18,ci,ci39023255,2020-01-04T10:55:44.710Z,"14km ESE of Little Lake, CA",earthquake,0.22,0.59,0.273,25,automatic,ci,ci
2020-01-04T10:37:09.803Z,40.0217,-120.827,8.2,1.6,ml,5,158.46,0.051,0.1602,nn,nn00714645,2020-01-05T02:31:24.598Z,"11km NNE of East Quincy, California",earthquake,,3.9,0.15,2,reviewed,nn,nn
2020-01-04T10:35:51.200Z,52.1536,-175.676,179.7,2.4,ml,,,,0.3,ak,ak0206sbckf,2020-01-04T20:03:13.263Z,"73km ENE of Adak, Alaska",earthquake,,0.6,,,reviewed,ak,ak
2020-01-04T10:34:48.320Z,35.5996667,-117.401,6.14,1.06,ml,16,121,0.05158,0.16,ci,ci39023247,2020-01-04T10:38:33.853Z,"18km S of Trona, CA",earthquake,0.43,0.61,0.197,11,automatic,ci,ci
2020-01-04T10:30:41.350Z,35.7423333,-117.57,7.81,0.5,ml,10,130,0.07659,0.21,ci,ci39023239,2020-01-04T10:34:27.831Z,"15km W of Searles Valley, CA",earthquake,0.59,1.58,0.081,6,automatic,ci,ci
2020-01-04T10:20:56.780Z,36.1226667,-117.8571667,2.15,0.9,ml,13,178,0.005409,0.15,ci,ci39023231,2020-01-04T10:24:28.268Z,"12km NE of Coso Junction, CA",earthquake,0.49,0.28,0.236,9,automatic,ci,ci
2020-01-04T10:18:39.037Z,61.4441,-150.1329,32.9,1.8,ml,,,,0.55,ak,ak0206s7nwy,2020-01-04T11:03:09.913Z,"12km SW of Big Lake, Alaska",earthquake,,0.3,,,automatic,ak,ak
2020-01-04T10:18:20.840Z,36.0335,-117.5321667,1.71,0.77,ml,10,257,0.1127,0.13,ci,ci39023223,2020-01-04T10:22:04.321Z,"32km NNW of Searles Valley, CA",earthquake,0.77,0.36,0.225,6,automatic,ci,ci
2020-01-04T10:09:14.630Z,33.2201667,-116.7361667,11.47,0.65,ml,27,48,0.07742,0.15,ci,ci39023215,2020-01-04T10:13:00.797Z,"4km SE of Lake Henshaw, CA",earthquake,0.26,0.69,0.157,15,automatic,ci,ci
2020-01-04T09:48:37.542Z,-1.2186,-12.8335,10,4.8,mb,,74,11.171,0.7,us,us70006un5,2020-01-04T11:45:51.040Z,"North of Ascension Island",earthquake,5.2,1.9,0.09,38,reviewed,us,us
2020-01-04T09:46:09.214Z,69.7775,-144.8455,10,2.5,ml,,225,1.467,0.58,us,us70006uma,2020-01-04T10:35:48.040Z,"61km SW of Kaktovik, Alaska",earthquake,7.7,2,0.05,52,reviewed,us,us
2020-01-04T09:38:13.970Z,35.8963333,-117.6873333,2.41,1.49,ml,23,43,0.05956,0.18,ci,ci39023207,2020-01-04T09:49:20.330Z,"20km ESE of Little Lake, CA",earthquake,0.21,0.35,0.108,22,automatic,ci,ci
2020-01-04T09:33:23.940Z,36.8218346,-121.5670013,7.96,1.36,md,7,143,0.02489,0.06,nc,nc73323591,2020-01-04T11:39:04.192Z,"4km SW of San Juan Bautista, CA",earthquake,0.61,1.2,0.03,3,automatic,nc,nc
2020-01-04T09:32:11.430Z,17.9218,-66.9048,6,1.9,ml,12,223,0.0591,0.2,pr,pr2020004005,2020-01-04T11:11:37.826Z,"5km S of Guanica, Puerto Rico",earthquake,0.88,0.38,0,0,reviewed,pr,pr
2020-01-04T09:24:59.390Z,38.8414993,-122.8771667,2.21,0.59,md,15,150,0.00684,0.01,nc,nc73323586,2020-01-04T11:10:02.688Z,"13km NW of The Geysers, CA",earthquake,0.44,0.63,,2,automatic,nc,nc
2020-01-04T09:22:16.184Z,63.2704,-151.3306,0,1.8,ml,,,,0.61,ak,ak0206rn1er,2020-01-04T10:03:12.035Z,"119km W of Cantwell, Alaska",earthquake,,0.3,,,automatic,ak,ak
2020-01-04T09:21:51.010Z,38.7618332,-122.7375031,1.68,0.55,md,8,100,0.01063,0.02,nc,nc73323581,2020-01-04T10:43:02.538Z,"2km SE of The Geysers, CA",earthquake,0.46,0.61,0.05,2,automatic,nc,nc
2020-01-04T09:17:39.567Z,38.2796,-119.0915,10.1,1.2,ml,6,191.03,0.282,0.1104,nn,nn00714646,2020-01-05T02:34:30.183Z,"12km ENE of Bridgeport, California",earthquake,,9.2,0.1,4,reviewed,nn,nn
2020-01-04T09:15:39.840Z,17.8175,-66.8876,20,2.15,md,3,339,0.2182,0.21,pr,pr2020004007,2020-01-04T13:14:33.231Z,"17km S of Guanica, Puerto Rico",earthquake,3.4,3.72,0.15,3,reviewed,pr,pr
2020-01-04T09:14:15.890Z,33.7016667,-117.0148333,14.23,0.73,ml,23,91,0.01282,0.11,ci,ci39023199,2020-01-04T09:17:59.331Z,"6km SW of Hemet, CA",earthquake,0.28,0.24,0.265,18,automatic,ci,ci
2020-01-04T09:13:56.740Z,35.6441667,-117.5803333,8.24,1.09,ml,15,105,0.0239,0.18,ci,ci39023191,2020-01-04T09:17:41.673Z,"9km ENE of Ridgecrest, CA",earthquake,0.4,0.76,0.191,14,automatic,ci,ci
2020-01-04T09:07:31.021Z,66.2093,-157.1972,0,2.5,ml,,,,0.64,ak,ak0206rjutk,2020-01-04T10:10:16.040Z,"76km S of Kobuk, Alaska",earthquake,,0.4,,,automatic,ak,ak
2020-01-04T09:04:00.660Z,59.2208,-152.1575,59.6,1.9,ml,,,,0.64,ak,ak0206rj5c2,2020-01-04T10:03:10.626Z,"58km SW of Homer, Alaska",earthquake,,1.4,,,automatic,ak,ak
2020-01-04T09:01:32.900Z,38.7598343,-122.7321701,1.15,0.81,md,9,106,0.02364,0.02,nc,nc73323576,2020-01-04T10:15:04.348Z,"3km SE of The Geysers, CA",earthquake,0.27,0.66,0.12,5,automatic,nc,nc
2020-01-04T08:56:55.039Z,63.4445,-145.9563,0.2,1.5,ml,,,,0.67,ak,ak0206r8z5r,2020-01-04T16:59:30.773Z,"60km SW of Deltana, Alaska",earthquake,,0.3,,,automatic,ak,ak
2020-01-04T08:25:23.200Z,33.6996667,-116.7751667,14.27,0.55,ml,18,81,0.05213,0.2,ci,ci39023183,2020-01-04T08:28:57.539Z,"7km SW of Idyllwild, CA",earthquake,0.54,0.63,0.205,15,automatic,ci,ci
2020-01-04T08:24:38.178Z,25.5036,63.1313,10,4.9,mb,,97,6.298,0.62,us,us70006ulm,2020-01-04T11:04:27.956Z,"43km NW of Pasni, Pakistan",earthquake,10.1,1.9,0.08,49,reviewed,us,us
2020-01-04T08:21:55.810Z,35.7121667,-117.5776667,6.76,1.01,ml,19,118,0.0902,0.12,ci,ci39023175,2020-01-04T08:25:39.419Z,"14km NE of Ridgecrest, CA",earthquake,0.25,0.68,0.113,14,automatic,ci,ci
2020-01-04T08:19:45.820Z,19.4066658,-155.2833405,0.15,1.73,md,18,63,0.01096,0.08,hv,hv71317487,2020-01-04T08:22:44.290Z,"5km WSW of Volcano, Hawaii",earthquake,0.17,0.3,0.37,12,automatic,hv,hv
2020-01-04T07:57:57.670Z,35.7815,-117.6176667,8.45,1.68,ml,24,58,0.03789,0.16,ci,ci39023167,2020-01-04T08:08:54.120Z,"19km NNE of Ridgecrest, CA",earthquake,0.23,0.57,0.176,26,automatic,ci,ci
2020-01-04T07:47:01.329Z,61.574,-149.9272,33.6,1.9,ml,,,,0.48,ak,ak0206qlhys,2020-01-04T08:03:10.182Z,"6km NNE of Big Lake, Alaska",earthquake,,0.1,,,automatic,ak,ak
2020-01-04T07:45:01.378Z,38.8903,-111.5682,10,2.6,ml,,47,0.31,0.66,us,us70006ull,2020-01-04T17:39:20.576Z,"26km ESE of Salina, Utah",earthquake,1.3,2,0.037,94,reviewed,us,us
2020-01-04T07:32:36.340Z,35.7943333,-117.6038333,8.91,0.65,ml,11,217,0.02197,0.14,ci,ci39023159,2020-01-04T07:36:23.112Z,"18km W of Searles Valley, CA",earthquake,0.97,0.77,0.264,8,automatic,ci,ci
2020-01-04T07:21:28.570Z,19.2101669,-155.4295044,35.97,2.1,md,43,150,0.04067,0.17,hv,hv71317437,2020-01-04T07:24:40.130Z,"5km E of Pahala, Hawaii",earthquake,0.73,1.13,0.16,4,automatic,hv,hv
2020-01-04T07:18:18.376Z,-36.8454,176.9524,320.26,5.1,mww,,72,1.296,1.15,us,us70006uli,2020-01-04T10:39:38.844Z,"100km E of Tairua, New Zealand",earthquake,7.1,5.6,0.08,15,reviewed,us,us
2020-01-04T06:45:40.034Z,64.6517,-149.0678,13,1.3,ml,,,,0.34,ak,ak0206pzpx4,2020-01-04T07:03:11.135Z,"8km NNE of North Nenana, Alaska",earthquake,,0.2,,,automatic,ak,ak
2020-01-04T06:41:48.930Z,35.8683333,-117.6796667,8.08,0.77,ml,19,85,0.08288,0.14,ci,ci39023127,2020-01-04T06:45:22.688Z,"22km ESE of Little Lake, CA",earthquake,0.26,0.75,0.165,10,automatic,ci,ci
2020-01-04T06:37:32.110Z,46.9385,-121.967333333333,7.94,0.27,md,7,171,,0.06,uw,uw61565876,2020-01-05T01:01:24.770Z,"24km ENE of Eatonville, Washington",earthquake,0.74,0.52,0.253456120448072,5,reviewed,uw,uw
2020-01-04T06:28:43.800Z,35.8056667,-117.6265,5.35,0.77,ml,11,81,0.02562,0.19,ci,ci39023119,2020-01-04T06:32:21.272Z,"20km WNW of Searles Valley, CA",earthquake,0.38,0.75,0.106,7,automatic,ci,ci
2020-01-04T06:21:32.320Z,38.7606659,-122.7266693,2.26,0.55,md,7,118,0.01606,0.02,nc,nc73323551,2020-01-04T08:09:04.625Z,"3km SE of The Geysers, CA",earthquake,0.51,0.44,0.05,2,automatic,nc,nc
2020-01-04T06:15:08.010Z,35.8953333,-117.6801667,3.94,0.48,ml,9,82,0.05776,0.06,ci,ci39023111,2020-01-04T06:18:43.062Z,"21km ESE of Little Lake, CA",earthquake,0.19,0.9,0.06,5,automatic,ci,ci
2020-01-04T06:11:28.901Z,65.8175,-151.0195,13.4,1.4,ml,,,,0.6,ak,ak0206pseop,2020-01-04T07:03:10.551Z,"87km NE of Tanana, Alaska",earthquake,,0.6,,,automatic,ak,ak
2020-01-04T06:08:48.950Z,33.2195,-116.7115,11.22,0.29,ml,15,92,0.04289,0.22,ci,ci39023103,2020-01-04T06:12:40.406Z,"5km ESE of Lake Henshaw, CA",earthquake,0.58,0.76,0.087,3,automatic,ci,ci
2020-01-04T05:58:32.085Z,66.8438,-148.9502,0.1,1.9,ml,,,,1.01,ak,ak0206ph1zh,2020-01-04T07:03:09.968Z,"70km SE of Coldfoot, Alaska",earthquake,,0.5,,,automatic,ak,ak
2020-01-04T05:56:59.588Z,61.0762,-148.4725,0,1.9,ml,,,,1.23,ak,ak0206pgoot,2020-01-04T06:00:30.194Z,"35km NNE of Whittier, Alaska",earthquake,,0.6,,,automatic,ak,ak
2020-01-04T05:51:30.800Z,33.4675,-117.248,27.48,0.62,ml,14,137,0.2698,0.23,ci,ci39023095,2020-01-04T05:55:19.461Z,"10km WSW of Temecula, CA",earthquake,0.95,1.91,0.239,6,automatic,ci,ci
2020-01-04T05:46:20.780Z,32.555,-115.457,13.12,1.55,ml,10,120,0.2461,0.24,ci,ci39023087,2020-01-04T05:50:09.145Z,"10km W of Puebla, B.C., MX",earthquake,0.99,4.05,0.259,13,automatic,ci,ci
2020-01-04T05:40:57.360Z,17.9036,-66.8206,6,2.7,md,10,233,0.0924,0.11,pr,pr2020004004,2020-01-04T12:14:26.535Z,"10km S of Indios, Puerto Rico",earthquake,0.65,0.46,0.24,7,reviewed,pr,pr
2020-01-04T05:38:48.895Z,-23.1647,-177.9115,277.06,4.5,mb,,117,6.055,0.91,us,us70006ukh,2020-01-04T06:05:34.040Z,"290km SSE of Ndoi Island, Fiji",earthquake,13.5,9.9,0.108,25,reviewed,us,us
2020-01-04T05:36:36.398Z,60.9301,-147.5578,19.2,1.8,ml,,,,0.53,ak,ak0206pccl6,2020-01-04T05:43:35.018Z,"63km ENE of Whittier, Alaska",earthquake,,0.3,,,automatic,ak,ak
2020-01-04T05:26:46.885Z,61.6294,-148.1167,15,1.2,ml,,,,0.64,ak,ak0206pa7rs,2020-01-04T20:03:12.256Z,"43km E of Lazy Mountain, Alaska",earthquake,,0.9,,,reviewed,ak,ak
2020-01-04T05:23:02.490Z,17.9046,-66.835,6,2.81,md,13,228,0.0832,0.31,pr,pr2020004003,2020-01-04T06:08:39.040Z,"17km SSE of Guanica, Puerto Rico",earthquake,1.04,0.67,0.35,10,reviewed,pr,pr
2020-01-04T05:21:00.080Z,35.797,-117.6228333,6.6,1.1,ml,20,80,0.02781,0.17,ci,ci39023079,2020-01-04T05:24:38.770Z,"20km W of Searles Valley, CA",earthquake,0.29,0.6,0.176,13,automatic,ci,ci
2020-01-04T05:17:50.848Z,61.5605,-152.021,94.4,2.1,ml,,,,1,ak,ak0206p8b3g,2020-01-04T05:21:56.051Z,"104km NNW of Nikiski, Alaska",earthquake,,0.7,,,automatic,ak,ak
2020-01-04T05:17:42.210Z,17.9161,-66.8656,7,2.59,md,14,215,0.0605,0.09,pr,pr2020004002,2020-01-04T06:06:45.040Z,"9km SE of Guanica, Puerto Rico",earthquake,0.55,0.25,0.31,13,reviewed,pr,pr
2020-01-04T05:12:21.831Z,64.2666,-150.4574,16.7,1.1,ml,,,,0.4,ak,ak0206p769z,2020-01-04T05:16:32.771Z,"73km WSW of North Nenana, Alaska",earthquake,,0.4,,,automatic,ak,ak
2020-01-04T05:10:52.480Z,35.6405,-117.5861667,9.16,1.65,ml,25,64,0.02307,0.15,ci,ci39023071,2020-01-04T13:13:43.012Z,"8km ENE of Ridgecrest, CA",earthquake,0.23,0.52,0.185,26,automatic,ci,ci
2020-01-04T05:09:43.490Z,33.369,-116.263,10.71,0.66,ml,13,169,0.03955,0.17,ci,ci39023063,2020-01-04T05:13:19.401Z,"16km NE of Borrego Springs, CA",earthquake,0.46,0.75,0.139,11,automatic,ci,ci
2020-01-04T05:09:25.090Z,33.353,-116.246,11.83,0.76,ml,25,171,0.05404,0.26,ci,ci39023055,2020-01-04T05:13:09.865Z,"16km NE of Borrego Springs, CA",earthquake,0.61,0.87,0.158,14,automatic,ci,ci
2020-01-04T05:01:03.004Z,63.5262,-147.7397,15.8,1.3,ml,,,,0.42,ak,ak0206p4rxr,2020-01-04T05:06:09.158Z,"62km ENE of Cantwell, Alaska",earthquake,,0.3,,,automatic,ak,ak
2020-01-04T04:57:15.455Z,63.5549,-147.5067,0,1.6,ml,,,,1.58,ak,ak0206ovd6l,2020-01-04T05:04:15.954Z,"74km ENE of Cantwell, Alaska",earthquake,,0.7,,,automatic,ak,ak
2020-01-04T04:56:54.601Z,51.5391,-178.4153,11.5,1.8,ml,,,,0.8,ak,ak0206ov7k2,2020-01-04T20:03:11.350Z,"42km SSW of Tanaga Volcano, Alaska",earthquake,,1.1,,,reviewed,ak,ak
2020-01-04T04:54:33.530Z,19.184166,-155.5034943,34.23,1.83,md,33,175,0.04845,0.11,hv,hv71317342,2020-01-04T04:57:58.180Z,"3km SW of Pahala, Hawaii",earthquake,0.71,1.13,0.18,5,automatic,hv,hv
2020-01-04T04:48:51.260Z,35.599,-117.4061667,8.91,2.78,ml,36,46,0.04734,0.14,ci,ci39023047,2020-01-04T07:11:35.990Z,"18km S of Trona, CA",earthquake,0.22,0.42,0.12,25,automatic,ci,ci
2020-01-04T04:45:58.660Z,38.815834,-122.8216629,3.16,0.57,md,16,68,0.01179,0.03,nc,nc73323536,2020-01-04T06:44:03.128Z,"7km NW of The Geysers, CA",earthquake,0.29,0.72,0.01,2,automatic,nc,nc
2020-01-04T04:45:07.713Z,19.1761,145.8269,131.23,4.6,mb,,81,14.89,1.17,us,us70006ukc,2020-01-04T05:05:07.040Z,"48km NNE of Agrihan, Northern Mariana Islands",earthquake,10.4,7.4,0.07,60,reviewed,us,us
2020-01-04T04:39:15.205Z,38.5208,-117.8703,8.1,1.2,ml,6,255.45,0.24,0.094,nn,nn00714647,2020-01-05T02:37:35.294Z,"38km S of Gabbs, Nevada",earthquake,,6.2,0.42,5,reviewed,nn,nn
2020-01-04T04:32:10.040Z,35.8621674,-117.6823349,7.05,0.65,ml,13,82,0.08305,0.06,ci,ci39023039,2020-01-04T04:35:43.139Z,"22km ESE of Little Lake, CA",earthquake,0.45,1.53,0.244,4,automatic,ci,ci
2020-01-04T04:29:38.000Z,64.689,-147.1049,0,0.8,ml,,,,0.66,ak,ak0206opf3o,2020-01-04T04:35:57.391Z,"3km NW of Eielson Air Force Base, Alaska",earthquake,,0.7,,,automatic,ak,ak
2020-01-04T04:26:30.870Z,35.8935,-117.6966667,2.08,0.75,ml,14,71,0.06602,0.14,ci,ci39023031,2020-01-04T04:30:06.097Z,"20km ESE of Little Lake, CA",earthquake,0.26,0.49,0.125,9,automatic,ci,ci
2020-01-04T04:15:33.410Z,19.2141666,-155.4536591,33.02,2.34,md,50,140,0.0547,0.17,hv,hv71317312,2020-01-04T04:18:50.130Z,"2km ENE of Pahala, Hawaii",earthquake,0.61,0.8,0.25,20,automatic,hv,hv
2020-01-04T04:14:03.223Z,60.9082,-150.96,32.6,2,ml,,,,0.56,ak,ak0206om4nu,2020-01-04T04:18:21.619Z,"30km NE of Nikiski, Alaska",earthquake,,0.4,,,automatic,ak,ak
2020-01-04T04:12:25.090Z,19.2250004,-155.4573364,32.98,2.38,md,50,135,0.04571,0.13,hv,hv71317307,2020-01-04T04:15:42.090Z,"3km NE of Pahala, Hawaii",earthquake,0.47,0.7,0.11,27,automatic,hv,hv
2020-01-04T04:10:05.700Z,19.1886673,-155.454834,33.06,2.06,md,24,206,0.07277,0.13,hv,hv71317302,2020-01-04T04:13:08.040Z,"3km SE of Pahala, Hawaii",earthquake,0.9,1.11,0.05,4,automatic,hv,hv
2020-01-04T04:07:41.390Z,35.8953333,-117.6881667,1.58,0.4,ml,10,82,0.06076,0.14,ci,ci39023023,2020-01-04T04:11:13.970Z,"20km ESE of Little Lake, CA",earthquake,0.29,0.91,0.054,5,automatic,ci,ci
2020-01-04T04:03:35.010Z,34.4661667,-116.4953333,1.41,1.2,ml,21,82,0.1391,0.2,ci,ci39023015,2020-01-04T04:07:22.662Z,"39km NE of Big Bear City, CA",earthquake,0.39,0.78,0.157,20,automatic,ci,ci
2020-01-04T04:01:08.172Z,38.658,-118.7785,11.7,1.1,ml,6,245.81,0.203,0.1148,nn,nn00714648,2020-01-05T02:40:40.262Z,"19km NW of Hawthorne, Nevada",earthquake,,4.6,0.3,5,reviewed,nn,nn
2020-01-04T03:49:54.760Z,33.2215,-116.7428333,11.21,0.5,ml,25,47,0.01967,0.22,ci,ci39023007,2020-01-04T03:53:36.872Z,"3km SE of Lake Henshaw, CA",earthquake,0.39,0.72,0.179,9,automatic,ci,ci
2020-01-04T03:36:49.730Z,35.9455,-117.3858333,1.25,1.19,ml,20,69,0.09944,0.18,ci,ci39022999,2020-01-04T03:40:28.027Z,"20km N of Searles Valley, CA",earthquake,0.39,0.55,0.107,13,automatic,ci,ci
2020-01-04T03:35:09.920Z,35.942,-117.4023333,11.47,0.62,ml,12,111,0.1092,0.26,ci,ci39022991,2020-01-04T03:38:41.784Z,"19km N of Searles Valley, CA",earthquake,0.8,1.77,0.052,7,automatic,ci,ci
2020-01-04T03:34:34.800Z,35.9408333,-117.4158333,12.56,0.68,ml,11,137,0.1185,0.2,ci,ci39022983,2020-01-04T03:38:16.781Z,"19km N of Searles Valley, CA",earthquake,0.83,1.66,0.102,7,automatic,ci,ci
2020-01-04T03:34:22.790Z,37.101,-117.6947,6.7,1.4,ml,5,303.31,1.077,0.37,nn,nn00714597,2020-01-04T03:37:35.843Z,"53km E of Big Pine, California",earthquake,,32.1,,,automatic,nn,nn
2020-01-04T03:29:55.400Z,33.4905,-116.7966667,10.67,0.65,ml,29,47,0.08966,0.22,ci,ci39022975,2020-01-04T03:33:40.260Z,"8km NE of Aguanga, CA",earthquake,0.37,0.96,0.172,20,automatic,ci,ci
2020-01-04T03:23:36.903Z,62.1407,-154.8398,14.3,2,ml,,,,0.82,ak,ak0206o2q5j,2020-01-04T20:03:10.294Z,"98km SSE of McGrath, Alaska",earthquake,,0.3,,,reviewed,ak,ak
2020-01-04T03:23:13.396Z,63.2163,-150.4171,101.1,1.8,ml,,,,0.64,ak,ak0206o2n9x,2020-01-04T03:32:21.735Z,"76km WSW of Cantwell, Alaska",earthquake,,0.8,,,automatic,ak,ak
2020-01-04T03:14:18.390Z,33.2613333,-116.7336667,5.74,0.86,ml,34,42,0.03289,0.17,ci,ci39022967,2020-01-04T03:18:02.658Z,"4km NE of Lake Henshaw, CA",earthquake,0.25,0.48,0.134,26,automatic,ci,ci
2020-01-04T03:13:55.553Z,61.3729,-146.8631,16.7,1.4,ml,,,,0.59,ak,ak0206o0jxb,2020-01-04T03:22:05.519Z,"38km NW of Valdez, Alaska",earthquake,,0.2,,,automatic,ak,ak
2020-01-04T03:08:57.720Z,35.9158333,-117.7335,6.76,0.56,ml,12,53,0.07466,0.13,ci,ci39022959,2020-01-04T03:12:31.749Z,"16km E of Little Lake, CA",earthquake,0.29,0.71,0.245,6,automatic,ci,ci
2020-01-04T02:59:41.370Z,38.7919998,-122.74617,0.7,0.53,md,8,114,0.01145,0.03,nc,nc73323516,2020-01-04T04:56:03.424Z,"2km NNE of The Geysers, CA",earthquake,0.26,0.74,0.03,2,automatic,nc,nc
2020-01-04T02:59:40.580Z,38.4238319,-122.4781647,4.09,1.58,md,10,97,0.0533,0.1,nc,nc73323521,2020-01-04T05:23:02.635Z,"6km E of Kenwood, CA",earthquake,0.93,1.66,0.17,11,automatic,nc,nc
2020-01-04T02:58:45.930Z,37.2155,-115.3315,1.7,0.6,ml,11,192.18,0.314,0.22,nn,nn00714596,2020-01-04T03:35:36.498Z,"22km SW of Alamo, Nevada",earthquake,,20.2,,,automatic,nn,nn
2020-01-04T02:52:52.142Z,43.6553,-74.1074,4.12,1.8,ml,,45,0.328,0.32,us,us70006ujs,2020-01-05T01:11:29.147Z,"32km WNW of Warrensburg, New York",earthquake,1.3,6,0.105,12,reviewed,us,us
